host,category,status,error,url_sample,link_count
aviation.bmkg.go.id,broken,404,,https://aviation.bmkg.go.id/images/citra_radar_QCComposite.png,19
bmkgsoft.bmkg.go.id,broken,404,,https://bmkgsoft.bmkg.go.id/cdn-cgi/zaraz/s.js?z=JTdCJTIyZXhlY3V0ZWQlMjIlM0ElNUIlNUQlMkMlMjJ0JTIyJTNBJTIyTG9hZGluZyUyME1ldFZpZXclMjIlMkMlMjJ4JTIyJTNBMC4zMzUzMTUyNTY0NDY1MTExNyUyQyUyMnclMjIlM0ExMjgwJTJDJTIyaCUyMiUzQTcyMCUyQyUyMmolMjIlM0E3MjAlMkMlMjJlJTIyJTNBMTI4MCUyQyUyMmwlMjIlM0ElMjJodHRwcyUzQSUyRiUyRmJta2dzb2Z0LmJta2cuZ28uaWQlMkYlMjIlMkMlMjJyJTIyJTNBJTIyJTIyJTJDJTIyayUyMiUzQTI0JTJDJTIybiUyMiUzQSUyMlVURi04JTIyJTJDJTIybyUyMiUzQS00ODAlMkMlMjJxJTIyJTNBJTVCJTVEJTdE,2
cuaca.bmkg.go.id,broken,404,,https://cuaca.bmkg.go.id/cdn-cgi/zaraz/s.js?z=JTdCJTIyZXhlY3V0ZWQlMjIlM0ElNUIlNUQlMkMlMjJ0JTIyJTNBJTIyQ3VhY2ElMjBCTUtHJTIyJTJDJTIyeCUyMiUzQTAuNDA1NDUzODM2MDU1NzQ2MDMlMkMlMjJ3JTIyJTNBMTI4MCUyQyUyMmglMjIlM0E3MjAlMkMlMjJqJTIyJTNBNzIwJTJDJTIyZSUyMiUzQTEyODAlMkMlMjJsJTIyJTNBJTIyaHR0cHMlM0ElMkYlMkZjdWFjYS5ibWtnLmdvLmlkJTJGJTIyJTJDJTIyciUyMiUzQSUyMiUyMiUyQyUyMmslMjIlM0EyNCUyQyUyMm4lMjIlM0ElMjJVVEYtOCUyMiUyQyUyMm8lMjIlM0EtNDgwJTJDJTIycSUyMiUzQSU1QiU1RCU3RA==,80
dataonline.bmkg.go.id,broken,404,,https://dataonline.bmkg.go.id/cdn-cgi/zaraz/s.js?z=JTdCJTIyZXhlY3V0ZWQlMjIlM0ElNUIlNUQlMkMlMjJ0JTIyJTNBJTIyRGF0YSUyME9ubGluZSUyMC0lMjBEaXJla3RvcmF0JTIwRGF0YSUyMGRhbiUyMEtvbXB1dGFzaSUyMEJNS0clMjIlMkMlMjJ4JTIyJTNBMC4xNDYxNzQwOTMwMjY5ODI0OCUyQyUyMnclMjIlM0ExMjgwJTJDJTIyaCUyMiUzQTcyMCUyQyUyMmolMjIlM0E3MjAlMkMlMjJlJTIyJTNBMTI4MCUyQyUyMmwlMjIlM0ElMjJodHRwcyUzQSUyRiUyRmRhdGFvbmxpbmUuYm1rZy5nby5pZCUyRmRhdGFvbmxpbmUtaG9tZSUyMiUyQyUyMnIlMjIlM0ElMjIlMjIlMkMlMjJrJTIyJTNBMjQlMkMlMjJuJTIyJTNBJTIyVVRGLTglMjIlMkMlMjJvJTIyJTNBLTQ4MCUyQyUyMnElMjIlM0ElNUIlNUQlN0Q=,34
hidromet-sih3.bmkg.go.id,broken,404,,https://hidromet-sih3.bmkg.go.id,1
iklim.bmkg.go.id,broken,404,,https://iklim.bmkg.go.id/cdn-cgi/zaraz/s.js?z=JTdCJTIyZXhlY3V0ZWQlMjIlM0ElNUIlNUQlMkMlMjJ0JTIyJTNBJTIySW5mb3JtYXNpJTIwSWtsaW0lMjBCTUtHJTIwJTdDJTIyJTJDJTIyeCUyMiUzQTAuMzIzMDc3MTIxNDgzMzY1NCUyQyUyMnclMjIlM0ExMjgwJTJDJTIyaCUyMiUzQTcyMCUyQyUyMmolMjIlM0E3MjAlMkMlMjJlJTIyJTNBMTI4MCUyQyUyMmwlMjIlM0ElMjJodHRwcyUzQSUyRiUyRmlrbGltLmJta2cuZ28uaWQlMkZpZCUyRiUyMiUyQyUyMnIlMjIlM0ElMjIlMjIlMkMlMjJrJTIyJTNBMjQlMkMlMjJuJTIyJTNBJTIyVVRGLTglMjIlMkMlMjJvJTIyJTNBLTQ4MCUyQyUyMnElMjIlM0ElNUIlNUQlN0Q=,79
inatews.bmkg.go.id,broken,404,,https://inatews.bmkg.go.id/cdn-cgi/zaraz/s.js?z=JTdCJTIyZXhlY3V0ZWQlMjIlM0ElNUIlNUQlMkMlMjJ0JTIyJTNBJTIySW5hVEVXUyUyMC0lMjBCTUtHJTIwKEluZG9uZXNpYSUyMFRzdW5hbWklMjBFYXJseSUyMFdhcm5pbmclMjBTeXN0ZW0pJTIyJTJDJTIyeCUyMiUzQTAuNjY0ODcyNTEyODQzNzgyOCUyQyUyMnclMjIlM0ExMjgwJTJDJTIyaCUyMiUzQTcyMCUyQyUyMmolMjIlM0E3MjAlMkMlMjJlJTIyJTNBMTI4MCUyQyUyMmwlMjIlM0ElMjJodHRwcyUzQSUyRiUyRmluYXRld3MuYm1rZy5nby5pZCUyRiUyMiUyQyUyMnIlMjIlM0ElMjIlMjIlMkMlMjJrJTIyJTNBMjQlMkMlMjJuJTIyJTNBJTIyVVRGLTglMjIlMkMlMjJvJTIyJTNBLTQ4MCUyQyUyMnElMjIlM0ElNUIlNUQlN0Q=,33
jdih.bmkg.go.id,broken,404,,https://jdih.bmkg.go.id/cdn-cgi/zaraz/s.js?z=JTdCJTIyZXhlY3V0ZWQlMjIlM0ElNUIlNUQlMkMlMjJ0JTIyJTNBJTIySkRJSCUyMEJNS0clMjAtJTIwSmFyaW5nYW4lMjBEb2t1bWVudGFzaSUyMGRhbiUyMEluZm9ybWFzaSUyMEh1a3VtJTIwQk1LRyUyMiUyQyUyMnglMjIlM0EwLjY0NjU4OTk3MTk0MjM3MDQlMkMlMjJ3JTIyJTNBMTI4MCUyQyUyMmglMjIlM0E3MjAlMkMlMjJqJTIyJTNBNzIwJTJDJTIyZSUyMiUzQTEyODAlMkMlMjJsJTIyJTNBJTIyaHR0cHMlM0ElMkYlMkZqZGloLmJta2cuZ28uaWQlMkYlMjIlMkMlMjJyJTIyJTNBJTIyJTIyJTJDJTIyayUyMiUzQTI0JTJDJTIybiUyMiUzQSUyMlVURi04JTIyJTJDJTIybyUyMiUzQS00ODAlMkMlMjJxJTIyJTNBJTVCJTVEJTdE,67
mail.bmkg.go.id,broken,,"HTTPSConnectionPool(host='mail.bmkg.go.id', port=443): Max retries exceeded with url: / (Caused by NameResolutionError(""HTTPSConnection(host='mail.bmkg.go.id', port=443): Failed to resolve 'mail.bmkg.go.id' ([Errno 11001] getaddrinfo failed)""))",https://mail.bmkg.go.id/,1
maritim.bmkg.go.id,broken,404,,https://maritim.bmkg.go.id/cuaca/maritim,52
meteo.bmkg.go.id,broken,404,,https://meteo.bmkg.go.id,1
portal.bmkg.go.id,broken,404,,https://portal.bmkg.go.id/cdn-cgi/zaraz/s.js?z=JTdCJTIyZXhlY3V0ZWQlMjIlM0ElNUIlNUQlMkMlMjJ0JTIyJTNBJTIyUG9ydGFsJTIwU1NPJTIwQk1LRyUyMC0lMjBTaW5nbGUlMjBTaWduLU9uJTIyJTJDJTIyeCUyMiUzQTAuMzM0MjU1NTc2OTI0OTYwMiUyQyUyMnclMjIlM0ExMjgwJTJDJTIyaCUyMiUzQTcyMCUyQyUyMmolMjIlM0E3MjAlMkMlMjJlJTIyJTNBMTI4MCUyQyUyMmwlMjIlM0ElMjJodHRwcyUzQSUyRiUyRnBvcnRhbC5ibWtnLmdvLmlkJTJGJTIyJTJDJTIyciUyMiUzQSUyMiUyMiUyQyUyMmslMjIlM0EyNCUyQyUyMm4lMjIlM0ElMjJVVEYtOCUyMiUyQyUyMm8lMjIlM0EtNDgwJTJDJTIycSUyMiUzQSU1QiU1RCU3RA==,10
ppid.bmkg.go.id,broken,404,,https://ppid.bmkg.go.id/cdn-cgi/zaraz/s.js?z=JTdCJTIyZXhlY3V0ZWQlMjIlM0ElNUIlNUQlMkMlMjJ0JTIyJTNBJTIyUFBJRCUyMEJNS0clMjIlMkMlMjJ4JTIyJTNBMC40MTc4NjE4ODcxNDIyNjEyNSUyQyUyMnclMjIlM0ExMjgwJTJDJTIyaCUyMiUzQTcyMCUyQyUyMmolMjIlM0E3MjAlMkMlMjJlJTIyJTNBMTI4MCUyQyUyMmwlMjIlM0ElMjJodHRwcyUzQSUyRiUyRnBwaWQuYm1rZy5nby5pZCUyRiUyMiUyQyUyMnIlMjIlM0ElMjIlMjIlMkMlMjJrJTIyJTNBMjQlMkMlMjJuJTIyJTNBJTIyVVRGLTglMjIlMkMlMjJvJTIyJTNBLTQ4MCUyQyUyMnElMjIlM0ElNUIlNUQlN0Q=,46
ppsdm.bmkg.go.id,broken,404,,https://ppsdm.bmkg.go.id/cdn-cgi/zaraz/s.js?z=JTdCJTIyZXhlY3V0ZWQlMjIlM0ElNUIlNUQlMkMlMjJ0JTIyJTNBJTIyUFBTRE0lMjBNS0clMjIlMkMlMjJ4JTIyJTNBMC41NTAwOTMwMDUxMjM0OTQlMkMlMjJ3JTIyJTNBMTI4MCUyQyUyMmglMjIlM0E3MjAlMkMlMjJqJTIyJTNBNzIwJTJDJTIyZSUyMiUzQTEyODAlMkMlMjJsJTIyJTNBJTIyaHR0cHMlM0ElMkYlMkZwcHNkbS5ibWtnLmdvLmlkJTJGJTIyJTJDJTIyciUyMiUzQSUyMiUyMiUyQyUyMmslMjIlM0EyNCUyQyUyMm4lMjIlM0ElMjJVVEYtOCUyMiUyQyUyMm8lMjIlM0EtNDgwJTJDJTIycSUyMiUzQSU1QiU1RCU3RA==,94
ptsp.bmkg.go.id,broken,404,,https://ptsp.bmkg.go.id/-,92
puslitbang.bmkg.go.id,broken,,"HTTPSConnectionPool(host='puslitbang.bmkg.go.id', port=443): Max retries exceeded with url: / (Caused by NameResolutionError(""HTTPSConnection(host='puslitbang.bmkg.go.id', port=443): Failed to resolve 'puslitbang.bmkg.go.id' ([Errno 11001] getaddrinfo failed)""))",https://puslitbang.bmkg.go.id/,1
sdm.sestama.bmkg.go.id,broken,,"HTTPSConnectionPool(host='sdm.sestama.bmkg.go.id', port=443): Max retries exceeded with url: / (Caused by NameResolutionError(""HTTPSConnection(host='sdm.sestama.bmkg.go.id', port=443): Failed to resolve 'sdm.sestama.bmkg.go.id' ([Errno 11001] getaddrinfo failed)""))",https://sdm.sestama.bmkg.go.id/,1
sibatik.bmkg.go.id,broken,400,,https://sibatik.bmkg.go.id/images/favicon.ico,26
sih3.bmkg.go.id,broken,404,,https://sih3.bmkg.go.id,1
simpel.bmkg.go.id,broken,,"HTTPSConnectionPool(host='simpel.bmkg.go.id', port=443): Max retries exceeded with url: / (Caused by NameResolutionError(""HTTPSConnection(host='simpel.bmkg.go.id', port=443): Failed to resolve 'simpel.bmkg.go.id' ([Errno 11001] getaddrinfo failed)""))",https://simpel.bmkg.go.id,1
web.meteo.bmkg.go.id,broken,,"HTTPConnectionPool(host='web.meteo.bmkg.go.id', port=80): Max retries exceeded with url: / (Caused by NameResolutionError(""HTTPConnection(host='web.meteo.bmkg.go.id', port=80): Failed to resolve 'web.meteo.bmkg.go.id' ([Errno 11001] getaddrinfo failed)""))",http://web.meteo.bmkg.go.id/,1
www.bmkg.go.id,broken,404,,https://www.bmkg.go.id/asset/img/logo-bmkg.png,183
signature.bmkg.go.id,suspicious,403,,https://signature.bmkg.go.id/dwt/,1
aeic.bmkg.go.id,ok,200,,http://aeic.bmkg.go.id/,1
beasiswa.bmkg.go.id,ok,200,,https://beasiswa.bmkg.go.id,1
cdn.bmkg.go.id,ok,200,,https://cdn.bmkg.go.id/Web/IMG_8087.jpg,1
cews.bmkg.go.id,ok,200,,https://cews.bmkg.go.id/dashboard-custom/monitoring-ENSO-embedwebklim/index.html,7
data.bmkg.go.id,ok,200,,https://data.bmkg.go.id/,1
ejournal-pusdiklat.bmkg.go.id,ok,200,,https://ejournal-pusdiklat.bmkg.go.id/index.php/climago,1
inasiam.bmkg.go.id,ok,200,,https://inasiam.bmkg.go.id/,2
inatews2.bmkg.go.id,ok,200,,http://inatews2.bmkg.go.id,1
inderaja.bmkg.go.id,ok,200,,https://inderaja.bmkg.go.id/Radar/Indonesia_ReflectivityQCComposite.png,1
inspektorat.bmkg.go.id,ok,200,,https://inspektorat.bmkg.go.id/,1
jam.bmkg.go.id,ok,200,,https://jam.bmkg.go.id,4
lms.bmkg.go.id,ok,200,,https://lms.bmkg.go.id/,1
perpustakaan.bmkg.go.id,ok,200,,https://perpustakaan.bmkg.go.id/,1
pusdiklat.bmkg.go.id,ok,200,,http://pusdiklat.bmkg.go.id/,1
repogempa.bmkg.go.id,ok,200,,http://repogempa.bmkg.go.id/,1
stamet-kotim.bmkg.go.id,ok,200,,https://stamet-kotim.bmkg.go.id/wp-content/uploads/2023/03/penakar-hujan-obs-1-768x1024.jpeg,1
static.bmkg.go.id,ok,200,,https://static.bmkg.go.id/20260507131745_rev/intensity_logo.jpg,1
visklim.bmkg.go.id,ok,200,,https://visklim.bmkg.go.id/views/SPIformatbaru/PrakiraanSPI3Bulanan?:embed_code_version=3&:embed=y&:loadOrderID=0&:display_spinner=no&:device=desktop&:showAppBanner=false&:display_count=n&:showVizHome=n&:origin=viz_share_link,5
wbs.bmkg.go.id,ok,200,,https://wbs.bmkg.go.id,3
web-aviation.bmkg.go.id,ok,200,,https://web-aviation.bmkg.go.id/assets/chat/pop-up-chat-custom.css,42
